<?xml version="1.0" encoding="UTF-8"?>
<project-private xmlns="http://www.netbeans.org/ns/project-private/1">
    <editor-bookmarks xmlns="http://www.netbeans.org/ns/editor-bookmarks/2" lastBookmarkId="0"/>
    <open-files xmlns="http://www.netbeans.org/ns/projectui-open-files/2">
        <group>
            <file>file:/C:/Users/szabolcs/OneDrive%20-%20Eotvos%20Lorand%20Tudomanyegyetem/3.%20félév/Tárgyak/Programozási%20technológia/Gyakorlat/Beadando3/utolsomiujsag3/utolsomiujsag3/src/utolsomiujsag2/snake/Snake.java</file>
            <file>file:/C:/Users/szabolcs/OneDrive%20-%20Eotvos%20Lorand%20Tudomanyegyetem/3.%20félév/Tárgyak/Programozási%20technológia/Gyakorlat/Beadando3/utolsomiujsag3/utolsomiujsag3/src/utolsomiujsag2/snake/Greensquare.java</file>
            <file>file:/C:/Users/szabolcs/OneDrive%20-%20Eotvos%20Lorand%20Tudomanyegyetem/3.%20félév/Tárgyak/Programozási%20technológia/Gyakorlat/Beadando3/utolsomiujsag3/utolsomiujsag3/src/utolsomiujsag2/snake/SnakeGUI.java</file>
            <file>file:/C:/Users/szabolcs/OneDrive%20-%20Eotvos%20Lorand%20Tudomanyegyetem/3.%20félév/Tárgyak/Programozási%20technológia/Gyakorlat/Beadando3/utolsomiujsag3/utolsomiujsag3/src/utolsomiujsag2/snake/Food.java</file>
            <file>file:/C:/Users/szabolcs/OneDrive%20-%20Eotvos%20Lorand%20Tudomanyegyetem/3.%20félév/Tárgyak/Programozási%20technológia/Gyakorlat/Beadando3/utolsomiujsag3/utolsomiujsag3/src/utolsomiujsag2/snake/Main.java</file>
            <file>file:/C:/Users/szabolcs/OneDrive%20-%20Eotvos%20Lorand%20Tudomanyegyetem/3.%20félév/Tárgyak/Programozási%20technológia/Gyakorlat/Beadando3/utolsomiujsag3/utolsomiujsag3/src/utolsomiujsag2/snake/Databases.java</file>
            <file>file:/C:/Users/szabolcs/OneDrive%20-%20Eotvos%20Lorand%20Tudomanyegyetem/3.%20félév/Tárgyak/Programozási%20technológia/Gyakorlat/Beadando3/utolsomiujsag3/utolsomiujsag3/src/utolsomiujsag2/snake/Table.java</file>
            <file>file:/C:/Users/szabolcs/OneDrive%20-%20Eotvos%20Lorand%20Tudomanyegyetem/3.%20félév/Tárgyak/Programozási%20technológia/Gyakorlat/Beadando3/utolsomiujsag3/utolsomiujsag3/src/utolsomiujsag2/snake/Sprite.java</file>
            <file>file:/C:/Users/szabolcs/OneDrive%20-%20Eotvos%20Lorand%20Tudomanyegyetem/3.%20félév/Tárgyak/Programozási%20technológia/Gyakorlat/Beadando3/utolsomiujsag3/utolsomiujsag3/src/utolsomiujsag2/snake/GameEngine.java</file>
            <file>file:/C:/Users/szabolcs/OneDrive%20-%20Eotvos%20Lorand%20Tudomanyegyetem/3.%20félév/Tárgyak/Programozási%20technológia/Gyakorlat/Beadando3/utolsomiujsag3/utolsomiujsag3/src/utolsomiujsag2/snake/Stone.java</file>
            <file>file:/C:/Users/szabolcs/OneDrive%20-%20Eotvos%20Lorand%20Tudomanyegyetem/3.%20félév/Tárgyak/Programozási%20technológia/Gyakorlat/Beadando3/utolsomiujsag3/utolsomiujsag3/src/utolsomiujsag2/snake/HighScores.java</file>
            <file>file:/C:/Users/szabolcs/OneDrive%20-%20Eotvos%20Lorand%20Tudomanyegyetem/3.%20félév/Tárgyak/Programozási%20technológia/Gyakorlat/Beadando3/utolsomiujsag3/utolsomiujsag3/src/utolsomiujsag2/snake/HighScore.java</file>
        </group>
    </open-files>
</project-private>
